,age,job,marital,education,default,housing,loan,contact,month,day_of_week,duration,campaign,pdays,previous,poutcome,emp.var.rate,cons.price.idx,cons.conf.idx,euribor3m,nr_employed,y
0,56,3,1,0,0,0,0,0,0,0,261,1,999,0,0,0,0,0,0,5191,0
1,57,7,1,3,1,0,0,0,0,0,149,1,999,0,0,0,0,0,0,5191,0
2,37,7,1,3,0,2,0,0,0,0,226,1,999,0,0,0,0,0,0,5191,0
3,40,0,1,1,0,0,0,0,0,0,151,1,999,0,0,0,0,0,0,5191,0
4,56,7,1,3,0,0,2,0,0,0,307,1,999,0,0,0,0,0,0,5191,0
5,45,7,1,2,1,0,0,0,0,0,198,1,999,0,0,0,0,0,0,5191,0
6,59,0,1,4,0,0,0,0,0,0,139,1,999,0,0,0,0,0,0,5191,0
7,41,1,1,6,1,0,0,0,0,0,217,1,999,0,0,0,0,0,0,5191,0
8,24,9,2,4,0,2,0,0,0,0,380,1,999,0,0,0,0,0,0,5191,0
9,25,7,2,3,0,2,0,0,0,0,50,1,999,0,0,0,0,0,0,5191,0
10,41,1,1,6,1,0,0,0,0,0,55,1,999,0,0,0,0,0,0,5191,0
11,25,7,2,3,0,2,0,0,0,0,222,1,999,0,0,0,0,0,0,5191,0
12,29,1,2,3,0,0,2,0,0,0,137,1,999,0,0,0,0,0,0,5191,0
13,57,3,0,0,0,2,0,0,0,0,293,1,999,0,0,0,0,0,0,5191,0
14,35,1,1,1,0,2,0,0,0,0,146,1,999,0,0,0,0,0,0,5191,0
15,54,5,1,2,1,2,2,0,0,0,174,1,999,0,0,0,0,0,0,5191,0
16,35,1,1,1,0,2,0,0,0,0,312,1,999,0,0,0,0,0,0,5191,0
17,46,1,1,1,1,2,2,0,0,0,440,1,999,0,0,0,0,0,0,5191,0
18,50,1,1,2,0,2,2,0,0,0,353,1,999,0,0,0,0,0,0,5191,0
19,39,4,2,2,1,0,0,0,0,0,195,1,999,0,0,0,0,0,0,5191,0
20,30,10,1,3,0,0,0,0,0,0,38,1,999,0,0,0,0,0,0,5191,0
21,55,1,1,0,1,2,0,0,0,0,262,1,999,0,0,0,0,0,0,5191,0
22,55,5,2,3,0,2,0,0,0,0,342,1,999,0,0,0,0,0,0,5191,0
23,41,9,2,3,0,2,0,0,0,0,181,1,999,0,0,0,0,0,0,5191,0
24,37,0,1,3,0,2,0,0,0,0,172,1,999,0,0,0,0,0,0,5191,0
25,35,9,1,5,0,0,2,0,0,0,99,1,999,0,0,0,0,0,0,5191,0
26,59,9,1,6,0,2,0,0,0,0,93,1,999,0,0,0,0,0,0,5191,0
27,39,6,1,2,1,0,0,0,0,0,233,1,999,0,0,0,0,0,0,5191,0
28,54,9,2,5,1,0,0,0,0,0,255,2,999,0,0,0,0,0,0,5191,0
29,55,11,1,5,1,1,1,0,0,0,362,1,999,0,0,0,0,0,0,5191,0
30,46,0,1,6,0,0,0,0,0,0,348,1,999,0,0,0,0,0,0,5191,0
31,59,9,1,6,0,2,0,0,0,0,386,1,999,0,0,0,0,0,0,5191,0
32,49,1,1,6,0,0,0,0,0,0,73,1,999,0,0,0,0,0,0,5191,0
33,54,4,1,0,1,2,0,0,0,0,230,1,999,0,0,0,0,0,0,5191,0
34,54,1,0,0,0,0,0,0,0,0,208,1,999,0,0,0,0,0,0,5191,0
35,55,11,1,0,1,2,0,0,0,0,336,1,999,0,0,0,0,0,0,5191,0
36,34,7,1,3,0,0,0,0,0,0,365,1,999,0,0,0,0,0,0,5191,0
37,52,9,1,2,0,2,0,0,0,0,1666,1,999,0,0,0,0,0,0,5191,0
38,41,0,1,5,0,2,0,0,0,0,577,1,999,0,0,0,0,0,0,5191,0
39,56,9,1,0,0,2,0,0,0,0,137,1,999,0,0,0,0,0,0,5191,0
40,58,4,3,5,0,2,0,0,0,0,366,1,999,0,0,0,0,0,0,5191,0
41,32,2,1,3,0,2,0,0,0,0,314,1,999,0,0,0,0,0,0,5191,0
42,38,0,2,4,0,0,0,0,0,0,160,1,999,0,0,0,0,0,0,5191,0
43,57,0,1,5,0,0,2,0,0,0,212,1,999,0,0,0,0,0,0,5191,0
44,44,0,1,5,1,2,0,0,0,0,188,1,999,0,0,0,0,0,0,5191,0
45,42,9,2,4,1,0,0,0,0,0,22,1,999,0,0,0,0,0,0,5191,0
46,57,0,1,5,0,2,2,0,0,0,616,1,999,0,0,0,0,0,0,5191,0
47,40,1,1,2,0,0,2,0,0,0,178,1,999,0,0,0,0,0,0,5191,0
48,35,0,1,5,0,2,0,0,0,0,355,1,999,0,0,0,0,0,0,5191,0
49,45,1,1,2,0,2,0,0,0,0,225,2,999,0,0,0,0,0,0,5191,0
50,54,0,1,3,0,0,0,0,0,0,160,1,999,0,0,0,0,0,0,5191,0
51,39,3,1,0,0,0,2,0,0,0,266,1,999,0,0,0,0,0,0,5191,0
52,60,0,1,3,0,0,0,0,0,0,253,1,999,0,0,0,0,0,0,5191,0
53,53,0,2,4,0,0,0,0,0,0,179,1,999,0,0,0,0,0,0,5191,0
54,55,1,1,0,1,0,0,0,0,0,269,2,999,0,0,0,0,0,0,5191,0
55,55,9,1,4,1,2,0,0,0,0,135,1,999,0,0,0,0,0,0,5191,0
56,50,4,1,5,1,0,2,0,0,0,161,1,999,0,0,0,0,0,0,5191,0
57,45,7,1,3,1,2,0,0,0,0,787,1,999,0,0,0,0,0,0,5191,0
58,55,10,1,4,1,2,2,0,0,0,145,1,999,0,0,0,0,0,0,5191,0
59,25,9,2,5,0,2,0,0,0,0,174,1,999,0,0,0,0,0,0,5191,0
60,47,2,1,5,1,0,0,0,0,0,449,1,999,0,0,0,0,0,0,5191,0
61,51,1,1,2,0,2,0,0,0,0,812,1,999,0,0,0,0,0,0,5191,0
62,42,1,1,1,1,2,0,0,0,0,164,1,999,0,0,0,0,0,0,5191,0
63,42,1,1,1,1,0,0,0,0,0,366,1,999,0,0,0,0,0,0,5191,0
64,48,0,1,3,0,0,0,0,0,0,357,1,999,0,0,0,0,0,0,5191,0
65,37,0,1,5,0,0,0,0,0,0,232,1,999,0,0,0,0,0,0,5191,0
66,44,1,2,2,0,2,0,0,0,0,91,1,999,0,0,0,0,0,0,5191,0
67,33,0,1,6,0,2,0,0,0,0,273,1,999,0,0,0,0,0,0,5191,0
68,56,0,1,2,0,2,0,0,0,0,158,2,999,0,0,0,0,0,0,5191,0
69,44,1,2,0,1,2,2,0,0,0,177,1,999,0,0,0,0,0,0,5191,0
70,41,4,1,1,0,0,0,0,0,0,200,1,999,0,0,0,0,0,0,5191,0
71,44,4,0,5,0,2,0,0,0,0,172,1,999,0,0,0,0,0,0,5191,0
72,47,0,1,5,1,2,0,0,0,0,176,1,999,0,0,0,0,0,0,5191,0
73,57,11,1,6,1,0,0,0,0,0,211,1,999,0,0,0,0,0,0,5191,0
74,37,0,1,5,1,2,0,0,0,0,214,1,999,0,0,0,0,0,0,5191,0
75,41,1,0,0,1,2,0,0,0,0,1575,1,999,0,0,0,0,0,0,5191,1
76,55,9,1,5,0,0,0,0,0,0,349,1,999,0,0,0,0,0,0,5191,0
77,33,7,1,3,1,2,0,0,0,0,337,2,999,0,0,0,0,0,0,5191,0
78,55,4,1,6,1,2,0,0,0,0,272,1,999,0,0,0,0,0,0,5191,0
79,42,1,1,2,1,0,0,0,0,0,208,1,999,0,0,0,0,0,0,5191,0
80,50,1,1,0,1,2,0,0,0,0,193,1,999,0,0,0,0,0,0,5191,0
81,51,1,1,0,1,1,1,0,0,0,212,1,999,0,0,0,0,0,0,5191,0
82,38,0,1,3,1,0,0,0,0,0,165,2,999,0,0,0,0,0,0,5191,0
83,49,2,1,5,1,2,0,0,0,0,1042,1,999,0,0,0,0,0,0,5191,1
84,38,9,2,5,0,0,2,0,0,0,20,1,999,0,0,0,0,0,0,5191,0
85,31,0,0,3,0,0,0,0,0,0,246,1,999,0,0,0,0,0,0,5191,0
86,41,4,1,1,0,0,0,0,0,0,529,2,999,0,0,0,0,0,0,5191,0
87,39,0,1,5,0,2,2,0,0,0,192,1,999,0,0,0,0,0,0,5191,0
88,49,9,1,2,0,0,0,0,0,0,1467,1,999,0,0,0,0,0,0,5191,1
89,34,0,1,3,0,2,0,0,0,0,188,2,999,0,0,0,0,0,0,5191,0
90,35,0,1,5,0,2,0,0,0,0,180,2,999,0,0,0,0,0,0,5191,0
91,57,11,1,6,1,2,0,0,0,0,48,1,999,0,0,0,0,0,0,5191,0
92,60,0,1,6,1,0,2,0,0,0,213,2,999,0,0,0,0,0,0,5191,0
93,33,10,1,2,0,0,0,0,0,0,545,1,999,0,0,0,0,0,0,5191,0
94,42,1,1,1,0,0,2,0,0,0,583,1,999,0,0,0,0,0,0,5191,0
95,45,7,1,4,0,2,0,0,0,0,221,1,999,0,0,0,0,0,0,5191,0
96,42,4,1,5,0,0,0,0,0,0,426,1,999,0,0,0,0,0,0,5191,0
97,53,0,0,5,1,0,0,0,0,0,287,1,999,0,0,0,0,0,0,5191,0
98,37,9,2,4,0,0,0,0,0,0,197,1,999,0,0,0,0,0,0,5191,0
99,44,1,1,1,0,0,0,0,0,0,257,1,999,0,0,0,0,0,0,5191,0
100,54,7,1,6,0,2,0,0,0,0,229,1,999,0,0,0,0,0,0,5191,0
101,49,1,1,0,0,0,0,0,0,0,55,3,999,0,0,0,0,0,0,5191,0
102,54,7,1,6,0,0,0,0,0,0,400,1,999,0,0,0,0,0,0,5191,0
103,52,0,0,5,0,0,0,0,0,0,197,1,999,0,0,0,0,0,0,5191,0
104,52,0,0,5,0,0,0,0,0,0,190,1,999,0,0,0,0,0,0,5191,0
105,43,7,2,3,1,0,0,0,0,0,21,1,999,0,0,0,0,0,0,5191,0
106,34,3,1,1,0,2,0,0,0,0,300,2,999,0,0,0,0,0,0,5191,0
107,35,0,1,3,0,2,0,0,0,0,123,2,999,0,0,0,0,0,0,5191,0
108,42,2,1,6,1,2,0,0,0,0,293,1,999,0,0,0,0,0,0,5191,0
109,43,9,1,6,1,2,2,0,0,0,325,1,999,0,0,0,0,0,0,5191,0
110,60,5,0,5,1,0,0,0,0,0,514,1,999,0,0,0,0,0,0,5191,0
111,58,10,1,0,1,0,0,0,0,0,849,2,999,0,0,0,0,0,0,5191,0
112,35,7,0,3,0,2,0,0,0,0,194,1,999,0,0,0,0,0,0,5191,0
113,55,1,1,2,1,2,0,0,0,0,212,2,999,0,0,0,0,0,0,5191,0
114,37,4,1,5,0,0,0,0,0,0,337,2,999,0,0,0,0,0,0,5191,0
115,36,1,1,3,0,0,0,0,0,0,286,1,999,0,0,0,0,0,0,5191,0
116,52,0,0,5,0,0,0,0,0,0,247,2,999,0,0,0,0,0,0,5191,0
117,57,1,0,6,1,2,0,0,0,0,518,1,999,0,0,0,0,0,0,5191,0
118,56,0,1,6,0,2,0,0,0,0,364,1,999,0,0,0,0,0,0,5191,0
119,48,1,0,0,1,2,0,0,0,0,178,1,999,0,0,0,0,0,0,5191,0
120,40,1,1,3,1,2,0,0,0,0,98,1,999,0,0,0,0,0,0,5191,0
121,49,1,0,3,0,0,0,0,0,0,439,1,999,0,0,0,0,0,0,5191,0
122,41,7,1,3,0,0,0,0,0,0,139,1,999,0,0,0,0,0,0,5191,0
123,45,9,1,3,0,2,0,0,0,0,79,1,999,0,0,0,0,0,0,5191,0
124,32,0,1,5,0,2,2,0,0,0,175,1,999,0,0,0,0,0,0,5191,0
125,42,0,1,5,0,0,2,0,0,0,262,2,999,0,0,0,0,0,0,5191,0
126,50,0,1,1,0,0,0,0,0,0,61,1,999,0,0,0,0,0,0,5191,0
127,31,9,0,4,0,2,2,0,0,0,78,1,999,0,0,0,0,0,0,5191,0
128,56,5,1,0,0,2,0,0,0,0,102,2,999,0,0,0,0,0,0,5191,0
129,41,9,1,4,1,2,0,0,0,0,579,1,999,0,0,0,0,0,0,5191,1
130,37,1,1,1,0,2,2,0,0,0,143,1,999,0,0,0,0,0,0,5191,0
131,41,9,1,4,1,0,0,0,0,0,677,1,999,0,0,0,0,0,0,5191,0
132,35,1,1,6,0,2,0,0,0,0,267,1,999,0,0,0,0,0,0,5191,0
133,37,1,1,1,0,2,0,0,0,0,345,1,999,0,0,0,0,0,0,5191,0
134,52,4,1,5,0,0,0,0,0,0,185,1,999,0,0,0,0,0,0,5191,0
135,39,4,0,5,0,0,0,0,0,0,207,1,999,0,0,0,0,0,0,5191,0
136,39,3,1,0,1,0,0,0,0,0,69,2,999,0,0,0,0,0,0,5191,0
137,56,1,1,0,1,0,0,0,0,0,100,2,999,0,0,0,0,0,0,5191,0
138,34,7,1,3,0,2,0,0,0,0,125,2,999,0,0,0,0,0,0,5191,0
139,45,1,1,2,1,2,0,0,0,0,461,1,999,0,0,0,0,0,0,5191,1
140,43,10,2,5,0,2,0,0,0,0,240,1,999,0,0,0,0,0,0,5191,0
141,56,4,1,6,0,2,0,0,0,0,70,1,999,0,0,0,0,0,0,5191,0
142,39,4,1,5,0,2,0,0,0,0,193,1,999,0,0,0,0,0,0,5191,0
143,53,1,1,0,0,2,0,0,0,0,136,1,999,0,0,0,0,0,0,5191,0
144,38,11,0,3,1,2,0,0,0,0,73,1,999,0,0,0,0,0,0,5191,0
145,42,1,1,0,1,2,0,0,0,0,528,1,999,0,0,0,0,0,0,5191,0
146,42,1,1,0,1,0,0,0,0,0,541,1,999,0,0,0,0,0,0,5191,0
147,35,0,2,3,0,2,0,0,0,0,338,1,999,0,0,0,0,0,0,5191,0
148,40,0,1,5,1,2,0,0,0,0,163,1,999,0,0,0,0,0,0,5191,0
149,51,1,1,0,0,2,0,0,0,0,87,1,999,0,0,0,0,0,0,5191,0
150,60,1,1,2,1,0,0,0,0,0,301,1,999,0,0,0,0,0,0,5191,0
151,56,2,1,6,1,2,0,0,0,0,46,1,999,0,0,0,0,0,0,5191,0
152,39,7,0,3,1,2,0,0,0,0,52,1,999,0,0,0,0,0,0,5191,0
153,56,2,1,6,1,0,0,0,0,0,204,1,999,0,0,0,0,0,0,5191,0
154,40,1,1,6,0,2,2,0,0,0,155,1,999,0,0,0,0,0,0,5191,0
155,36,1,1,2,0,2,2,0,0,0,98,1,999,0,0,0,0,0,0,5191,0
156,51,1,1,6,1,2,0,0,0,0,71,1,999,0,0,0,0,0,0,5191,0
157,51,1,1,6,1,0,0,0,0,0,243,1,999,0,0,0,0,0,0,5191,0
158,43,9,2,4,0,2,0,0,0,0,186,2,999,0,0,0,0,0,0,5191,0
159,59,7,1,3,0,0,0,0,0,0,579,2,999,0,0,0,0,0,0,5191,0
160,24,4,2,5,0,2,0,0,0,0,165,2,999,0,0,0,0,0,0,5191,0
161,37,1,2,2,1,2,2,0,0,0,163,2,999,0,0,0,0,0,0,5191,0
162,40,1,1,2,1,0,0,0,0,0,46,1,999,0,0,0,0,0,0,5191,0
163,42,1,1,2,1,0,0,0,0,0,559,3,999,0,0,0,0,0,0,5191,0
164,39,7,0,3,1,0,0,0,0,0,2033,1,999,0,0,0,0,0,0,5191,0
165,37,2,1,1,0,0,0,0,0,0,85,1,999,0,0,0,0,0,0,5191,0
166,38,7,1,3,0,2,2,0,0,0,506,1,999,0,0,0,0,0,0,5191,0
167,56,0,0,6,1,0,0,0,0,0,114,2,999,0,0,0,0,0,0,5191,0
168,40,1,1,6,0,0,0,0,0,0,114,2,999,0,0,0,0,0,0,5191,0
169,54,4,0,5,0,2,0,0,0,0,843,2,999,0,0,0,0,0,0,5191,0
170,43,1,1,3,1,0,2,0,0,0,181,1,999,0,0,0,0,0,0,5191,0
171,36,7,1,3,1,0,0,0,0,0,427,1,999,0,0,0,0,0,0,5191,0
172,45,9,1,5,0,2,2,0,0,0,292,1,999,0,0,0,0,0,0,5191,0
173,42,0,2,5,1,0,0,0,0,0,192,1,999,0,0,0,0,0,0,5191,0
174,43,7,1,3,0,0,0,0,0,0,93,3,999,0,0,0,0,0,0,5191,0
175,46,4,1,2,0,0,0,0,0,0,128,2,999,0,0,0,0,0,0,5191,0
176,44,7,1,3,0,2,2,0,0,0,107,1,999,0,0,0,0,0,0,5191,0
177,51,0,2,1,0,0,0,0,0,0,303,2,999,0,0,0,0,0,0,5191,0
178,28,7,1,3,0,2,0,0,0,0,81,1,999,0,0,0,0,0,0,5191,0
179,37,1,1,2,0,0,0,0,0,0,270,1,999,0,0,0,0,0,0,5191,0
180,34,9,1,3,0,0,0,0,0,0,228,1,999,0,0,0,0,0,0,5191,0
181,46,1,1,1,1,2,0,0,0,0,240,1,999,0,0,0,0,0,0,5191,0
182,42,1,1,2,0,2,2,0,0,0,673,2,999,0,0,0,0,0,0,5191,1
183,36,0,1,5,0,2,0,0,0,0,233,3,999,0,0,0,0,0,0,5191,0
184,54,1,1,0,1,0,0,0,0,0,102,1,999,0,0,0,0,0,0,5191,0
185,57,4,1,5,0,0,0,0,0,0,461,1,999,0,0,0,0,0,0,5191,0
186,51,9,1,1,1,0,0,0,0,0,250,1,999,0,0,0,0,0,0,5191,0
187,54,5,1,3,1,0,0,0,0,0,130,1,999,0,0,0,0,0,0,5191,0
188,49,1,1,0,1,0,0,0,0,0,252,1,999,0,0,0,0,0,0,5191,0
189,34,0,1,5,0,2,0,0,0,0,138,1,999,0,0,0,0,0,0,5191,0
190,41,9,1,4,0,0,0,0,0,0,412,1,999,0,0,0,0,0,0,5191,0
191,38,1,2,2,0,2,0,0,0,0,179,2,999,0,0,0,0,0,0,5191,0
192,45,4,0,5,0,0,0,0,0,0,19,2,999,0,0,0,0,0,0,5191,0
193,42,9,1,5,0,0,0,0,0,0,228,2,999,0,0,0,0,0,0,5191,0
194,34,1,2,2,1,2,0,0,0,0,55,1,999,0,0,0,0,0,0,5191,0
195,48,1,1,0,0,2,0,0,0,0,717,1,999,0,0,0,0,0,0,5191,0
196,37,0,1,3,1,2,0,0,0,0,313,1,999,0,0,0,0,0,0,5191,0
197,34,1,2,2,1,0,0,0,0,0,289,1,999,0,0,0,0,0,0,5191,0
198,40,0,1,2,1,2,0,0,0,0,683,2,999,0,0,0,0,0,0,5191,0
199,43,1,1,1,0,2,0,0,0,0,1077,1,999,0,0,0,0,0,0,5191,0
200,33,7,1,3,0,0,0,0,0,0,146,2,999,0,0,0,0,0,0,5191,0
201,32,7,2,1,0,0,0,0,0,0,167,1,999,0,0,0,0,0,0,5191,0
202,39,1,1,3,0,2,0,0,0,0,356,2,999,0,0,0,0,0,0,5191,0
203,43,0,1,6,0,0,0,0,0,0,277,1,999,0,0,0,0,0,0,5191,0
204,44,1,1,2,0,2,0,0,0,0,172,1,999,0,0,0,0,0,0,5191,0
205,35,8,2,5,1,0,0,0,0,0,218,1,999,0,0,0,0,0,0,5191,0
206,35,8,2,5,1,2,2,0,0,0,217,1,999,0,0,0,0,0,0,5191,0
207,35,10,1,4,0,0,0,0,0,0,67,1,999,0,0,0,0,0,0,5191,0
208,36,7,2,0,0,0,0,0,0,0,291,1,999,0,0,0,0,0,0,5191,0
209,35,8,2,5,1,2,0,0,0,0,248,1,999,0,0,0,0,0,0,5191,0
210,36,8,2,2,0,2,0,0,0,0,256,1,999,0,0,0,0,0,0,5191,0
211,55,3,0,5,0,0,0,0,0,0,286,1,999,0,0,0,0,0,0,5191,0
212,59,0,1,5,0,0,0,0,0,0,477,1,999,0,0,0,0,0,0,5191,0
213,57,5,1,6,1,0,0,0,0,0,611,2,999,0,0,0,0,0,0,5191,0
214,39,1,1,4,1,2,0,0,0,0,471,1,999,0,0,0,0,0,0,5191,0
215,39,3,1,0,1,2,0,0,0,0,381,2,999,0,0,0,0,0,0,5191,0
216,30,1,2,6,0,2,0,0,0,0,251,1,999,0,0,0,0,0,0,5191,0
217,30,1,2,6,0,2,2,0,0,0,408,1,999,0,0,0,0,0,0,5191,0
218,50,3,1,0,1,0,0,0,0,0,287,1,999,0,0,0,0,0,0,5191,0
219,40,7,1,3,0,0,0,0,0,0,322,3,999,0,0,0,0,0,0,5191,0
220,35,0,1,3,0,2,0,0,0,0,216,2,999,0,0,0,0,0,0,5191,0
221,43,9,1,6,1,0,0,0,0,0,366,2,999,0,0,0,0,0,0,5191,0
222,36,7,2,1,1,2,0,0,0,0,210,1,999,0,0,0,0,0,0,5191,0
223,46,9,1,0,1,2,0,0,0,0,288,1,999,0,0,0,0,0,0,5191,0
224,40,9,1,2,0,0,0,0,0,0,168,1,999,0,0,0,0,0,0,5191,0
225,58,5,1,5,0,0,0,0,0,0,132,1,999,0,0,0,0,0,0,5191,0
226,42,9,1,5,0,0,0,0,0,0,64,2,999,0,0,0,0,0,0,5191,0
227,35,0,2,5,0,0,0,0,0,0,209,2,999,0,0,0,0,0,0,5191,0
228,43,5,1,0,1,0,0,0,0,0,410,3,999,0,0,0,0,0,0,5191,0
229,45,1,1,0,0,2,2,0,0,0,177,1,999,0,0,0,0,0,0,5191,0
230,39,0,1,4,0,2,0,0,0,0,580,2,999,0,0,0,0,0,0,5191,0
231,50,7,0,4,0,2,0,0,0,0,165,1,999,0,0,0,0,0,0,5191,0
232,32,4,0,0,1,2,0,0,0,0,127,2,999,0,0,0,0,0,0,5191,0
233,39,0,1,3,1,0,0,0,0,0,357,1,999,0,0,0,0,0,0,5191,0
234,52,6,1,5,1,0,0,0,0,0,175,1,999,0,0,0,0,0,0,5191,0
235,44,0,1,4,0,2,0,0,0,0,300,1,999,0,0,0,0,0,0,5191,0
236,56,1,1,0,0,0,0,0,0,0,136,1,999,0,0,0,0,0,0,5191,0
237,48,0,1,3,0,0,0,0,0,0,125,2,999,0,0,0,0,0,0,5191,0
238,33,7,1,3,1,0,2,0,0,0,189,2,999,0,0,0,0,0,0,5191,0
239,43,4,1,5,1,0,2,0,0,0,213,3,999,0,0,0,0,0,0,5191,0
240,57,5,1,3,0,0,0,0,0,0,238,2,999,0,0,0,0,0,0,5191,0
241,36,9,2,4,0,0,0,0,0,0,124,1,999,0,0,0,0,0,0,5191,0
242,34,4,1,5,0,2,0,0,0,0,18,1,999,0,0,0,0,0,0,5191,0
243,34,7,2,2,0,0,0,0,0,0,730,2,999,0,0,0,0,0,0,5191,0
244,30,9,1,5,1,0,0,0,0,0,40,1,999,0,0,0,0,0,0,5191,0
245,33,7,0,6,0,0,0,0,0,0,181,2,999,0,0,0,0,0,0,5191,0
246,32,9,2,4,0,0,0,0,0,0,79,1,999,0,0,0,0,0,0,5191,0
247,36,9,2,3,0,2,0,0,0,0,142,2,999,0,0,0,0,0,0,5191,0
248,36,1,2,3,0,0,2,0,0,0,389,1,999,0,0,0,0,0,0,5191,0
249,33,7,2,3,0,0,0,0,0,0,702,1,999,0,0,0,0,0,0,5191,0
250,40,9,0,4,0,0,0,0,0,0,151,1,999,0,0,0,0,0,0,5191,0
251,41,1,1,0,0,2,0,0,0,0,211,1,999,0,0,0,0,0,0,5191,0
252,51,7,1,1,0,2,0,0,0,0,117,1,999,0,0,0,0,0,0,5191,0
253,36,9,1,4,0,2,0,0,0,0,232,3,999,0,0,0,0,0,0,5191,0
254,28,7,1,6,0,0,0,0,0,0,408,2,999,0,0,0,0,0,0,5191,0
255,53,7,1,3,0,2,2,0,0,0,370,3,999,0,0,0,0,0,0,5191,0
256,58,1,1,2,1,2,0,0,0,0,179,2,999,0,0,0,0,0,0,5191,0
257,45,4,1,2,0,0,2,0,0,0,46,1,999,0,0,0,0,0,0,5191,0
258,43,9,1,6,0,2,0,0,0,0,200,1,999,0,0,0,0,0,0,5191,0
259,33,0,1,3,0,0,2,0,0,0,50,1,999,0,0,0,0,0,0,5191,0
260,33,0,1,3,0,0,2,0,0,0,181,1,999,0,0,0,0,0,0,5191,0
261,27,1,2,1,0,1,1,0,0,0,119,1,999,0,0,0,0,0,0,5191,0
262,42,9,1,3,0,0,0,0,0,0,361,1,999,0,0,0,0,0,0,5191,0
263,43,0,0,2,0,0,0,0,0,0,73,3,999,0,0,0,0,0,0,5191,0
264,42,0,1,5,0,0,0,0,0,0,67,2,999,0,0,0,0,0,0,5191,0
265,27,1,2,1,0,0,0,0,0,0,350,1,999,0,0,0,0,0,0,5191,0
266,34,6,2,5,0,2,0,0,0,0,150,2,999,0,0,0,0,0,0,5191,0
267,31,8,2,5,1,0,0,0,0,0,332,2,999,0,0,0,0,0,0,5191,0
268,54,4,0,5,0,0,0,0,0,0,611,2,999,0,0,0,0,0,0,5191,0
269,40,6,1,0,1,0,0,0,0,0,58,3,999,0,0,0,0,0,0,5191,0
270,52,10,1,3,1,2,0,0,0,0,151,1,999,0,0,0,0,0,0,5191,0
271,47,4,0,5,0,0,0,0,0,0,89,2,999,0,0,0,0,0,0,5191,0
272,49,3,1,2,1,0,0,0,0,0,152,1,999,0,0,0,0,0,0,5191,0
273,32,0,2,3,0,0,0,0,0,0,611,2,999,0,0,0,0,0,0,5191,0
274,49,3,2,3,1,2,2,0,0,0,110,2,999,0,0,0,0,0,0,5191,0
275,50,1,1,2,1,0,0,0,0,0,463,1,999,0,0,0,0,0,0,5191,0
276,34,7,1,3,0,0,0,0,0,0,962,1,999,0,0,0,0,0,0,5191,0
277,55,1,1,0,1,0,0,0,0,0,102,2,999,0,0,0,0,0,0,5191,0
278,47,9,2,2,0,0,0,0,0,0,10,4,999,0,0,0,0,0,0,5191,0
279,51,5,1,4,0,0,0,0,0,0,118,3,999,0,0,0,0,0,0,5191,0
280,47,1,1,1,0,0,0,0,0,0,92,2,999,0,0,0,0,0,0,5191,0
281,56,9,1,0,0,2,0,0,0,0,143,3,999,0,0,0,0,0,0,5191,0
282,53,0,1,2,0,0,0,0,0,0,189,3,999,0,0,0,0,0,0,5191,0
283,36,1,1,2,0,2,0,0,0,0,75,2,999,0,0,0,0,0,0,5191,0
284,42,1,0,2,0,2,0,0,0,0,189,2,999,0,0,0,0,0,0,5191,0
285,44,1,0,1,0,0,0,0,0,0,55,2,999,0,0,0,0,0,0,5191,0
286,39,3,1,2,0,2,0,0,0,0,935,3,999,0,0,0,0,0,0,5191,1
287,37,0,2,3,0,2,2,0,0,0,56,2,999,0,0,0,0,0,0,5191,0
288,60,1,1,6,1,2,0,0,0,0,5,2,999,0,0,0,0,0,0,5191,0
289,36,7,1,3,0,0,0,0,0,0,225,2,999,0,0,0,0,0,0,5191,0
290,42,4,0,5,0,2,0,0,0,0,125,2,999,0,0,0,0,0,0,5191,0
291,31,0,1,3,0,2,2,0,0,0,286,2,999,0,0,0,0,0,0,5191,0
292,53,9,0,4,1,0,2,0,0,0,206,2,999,0,0,0,0,0,0,5191,0
293,45,1,1,0,0,2,0,0,0,0,164,2,999,0,0,0,0,0,0,5191,0
294,37,9,2,4,0,2,0,0,0,0,98,2,999,0,0,0,0,0,0,5191,0
295,47,6,1,4,0,0,0,0,0,0,446,2,999,0,0,0,0,0,0,5191,0
296,49,1,0,3,0,0,2,0,0,0,742,2,999,0,0,0,0,0,0,5191,0
297,36,0,1,5,0,2,0,0,0,0,120,2,999,0,0,0,0,0,0,5191,0
298,35,7,0,3,0,0,0,0,0,0,122,3,999,0,0,0,0,0,0,5191,0
299,38,11,1,6,1,0,0,0,0,0,362,4,999,0,0,0,0,0,0,5191,0
300,38,7,2,3,1,0,0,0,0,0,357,2,999,0,0,0,0,0,0,5191,0
301,50,1,0,3,1,0,2,0,0,0,200,2,999,0,0,0,0,0,0,5191,0
302,59,5,1,4,1,0,0,0,0,0,107,2,999,0,0,0,0,0,0,5191,0
303,43,11,1,6,0,2,0,0,0,0,267,2,999,0,0,0,0,0,0,5191,0
304,42,0,1,3,0,2,0,0,0,0,248,2,999,0,0,0,0,0,0,5191,0
305,40,0,1,1,1,2,0,0,0,0,215,2,999,0,0,0,0,0,0,5191,0
306,46,1,1,6,1,0,0,0,0,0,209,2,999,0,0,0,0,0,0,5191,0
307,57,3,0,0,0,2,2,0,0,0,205,2,999,0,0,0,0,0,0,5191,0
308,42,0,1,5,0,2,0,0,0,0,261,3,999,0,0,0,0,0,0,5191,0
309,41,1,1,0,0,2,0,0,0,0,83,2,999,0,0,0,0,0,0,5191,0
310,54,4,0,5,0,2,0,0,0,0,106,3,999,0,0,0,0,0,0,5191,0
311,27,0,2,5,0,0,0,0,0,0,106,2,999,0,0,0,0,0,0,5191,0
312,36,0,1,3,0,0,0,0,0,0,108,2,999,0,0,0,0,0,0,5191,0
313,58,1,1,4,1,2,0,0,0,0,214,2,999,0,0,0,0,0,0,5191,0
314,40,4,1,5,1,2,0,0,0,0,358,2,999,0,0,0,0,0,0,5191,0
315,34,0,2,2,1,0,0,0,0,0,453,2,999,0,0,0,0,0,0,5191,0
316,33,0,0,3,0,0,0,0,0,0,364,2,999,0,0,0,0,0,0,5191,0
317,56,5,1,1,0,0,0,0,0,0,136,2,999,0,0,0,0,0,0,5191,0
318,42,1,1,2,0,0,0,0,0,0,173,2,999,0,0,0,0,0,0,5191,0
319,43,7,1,3,0,2,0,0,0,0,241,2,999,0,0,0,0,0,0,5191,0
320,54,4,2,2,0,2,0,0,0,0,224,3,999,0,0,0,0,0,0,5191,0
321,53,0,2,1,0,2,2,0,0,0,148,2,999,0,0,0,0,0,0,5191,0
322,42,9,2,6,0,0,0,0,0,0,230,2,999,0,0,0,0,0,0,5191,0
323,40,7,1,1,1,0,0,0,0,0,199,3,999,0,0,0,0,0,0,5191,0
324,54,9,1,4,0,2,2,0,0,0,196,2,999,0,0,0,0,0,0,5191,0
325,40,3,2,4,0,0,0,0,0,0,111,4,999,0,0,0,0,0,0,5191,0
326,26,0,2,5,0,2,0,0,0,0,231,3,999,0,0,0,0,0,0,5191,0
327,33,0,1,3,0,0,0,0,0,0,316,3,999,0,0,0,0,0,0,5191,0
328,35,1,1,2,1,0,0,0,0,0,240,2,999,0,0,0,0,0,0,5191,0
329,36,0,1,3,0,0,0,0,0,0,669,3,999,0,0,0,0,0,0,5191,0
330,29,7,2,3,0,2,0,0,0,0,425,2,999,0,0,0,0,0,0,5191,0
331,36,1,1,2,0,2,0,0,0,0,121,2,999,0,0,0,0,0,0,5191,0
332,35,4,1,3,0,2,0,0,0,0,174,5,999,0,0,0,0,0,0,5191,0
333,50,6,2,5,0,0,2,0,0,0,88,5,999,0,0,0,0,0,0,5191,0
334,46,7,1,3,1,2,0,0,0,0,313,3,999,0,0,0,0,0,0,5191,0
335,49,2,1,3,0,2,0,0,0,0,135,4,999,0,0,0,0,0,0,5191,0
336,42,9,2,4,1,2,0,0,0,0,152,2,999,0,0,0,0,0,0,5191,0
337,36,1,2,3,0,2,2,0,0,0,402,3,999,0,0,0,0,0,0,5191,0
338,55,1,1,2,1,2,0,0,0,0,221,2,999,0,0,0,0,0,0,5191,0
339,41,4,1,5,1,0,0,0,0,0,213,2,999,0,0,0,0,0,0,5191,0
340,57,4,1,4,1,2,0,0,0,0,144,3,999,0,0,0,0,0,0,5191,0
341,32,7,2,3,0,2,0,0,0,0,158,3,999,0,0,0,0,0,0,5191,0
342,49,0,1,2,0,0,0,0,0,0,220,3,999,0,0,0,0,0,0,5191,0
343,57,11,1,6,1,2,0,0,0,0,325,2,999,0,0,0,0,0,0,5191,0
344,58,1,0,0,0,2,0,0,0,0,254,2,999,0,0,0,0,0,0,5191,0
345,52,9,1,3,0,2,0,0,0,0,503,2,999,0,0,0,0,0,0,5191,0
346,50,7,0,4,0,0,0,0,0,0,680,2,999,0,0,0,0,0,0,5191,0
347,41,1,2,2,1,2,0,0,0,0,421,4,999,0,0,0,0,0,0,5191,0
348,33,2,1,5,0,2,0,0,0,0,130,3,999,0,0,0,0,0,0,5191,0
349,57,1,1,0,0,0,0,0,0,0,164,2,999,0,0,0,0,0,0,5191,0
350,48,1,1,1,1,0,0,0,0,0,174,3,999,0,0,0,0,0,0,5191,0
351,55,9,1,4,0,0,0,0,0,0,113,2,999,0,0,0,0,0,0,5191,0
352,38,4,1,5,0,0,0,0,0,0,195,2,999,0,0,0,0,0,0,5191,0
353,38,7,1,3,0,2,0,0,0,0,347,3,999,0,0,0,0,0,0,5191,0
354,53,0,1,5,0,2,0,0,0,0,208,2,999,0,0,0,0,0,0,5191,0
355,43,10,2,5,0,0,0,0,0,0,404,4,999,0,0,0,0,0,0,5191,0
356,36,1,2,3,0,0,0,0,0,0,396,2,999,0,0,0,0,0,0,5191,0
357,32,1,1,2,0,0,0,0,0,0,98,2,999,0,0,0,0,0,0,5191,0
358,33,7,1,0,0,0,0,0,0,0,229,3,999,0,0,0,0,0,0,5191,0
359,58,2,1,0,0,2,0,0,0,0,350,2,999,0,0,0,0,0,0,5191,0
360,40,10,0,3,1,0,0,0,0,1,88,3,999,0,0,0,0,0,0,5191,0
361,57,4,1,5,0,2,0,0,0,1,379,2,999,0,0,0,0,0,0,5191,0
362,45,9,1,3,0,2,0,0,0,1,168,3,999,0,0,0,0,0,0,5191,0
363,42,1,1,0,1,2,0,0,0,1,190,3,999,0,0,0,0,0,0,5191,0
364,46,0,1,5,0,2,0,0,0,1,158,1,999,0,0,0,0,0,0,5191,0
365,36,9,1,5,0,0,0,0,0,1,210,1,999,0,0,0,0,0,0,5191,0
366,41,6,1,3,0,2,0,0,0,1,102,1,999,0,0,0,0,0,0,5191,0
367,57,0,0,2,0,0,0,0,0,1,306,1,999,0,0,0,0,0,0,5191,0
368,49,1,1,2,1,2,0,0,0,1,64,1,999,0,0,0,0,0,0,5191,0
369,56,4,0,3,0,0,0,0,0,1,218,1,999,0,0,0,0,0,0,5191,0
370,37,1,1,2,0,0,0,0,0,1,77,1,999,0,0,0,0,0,0,5191,0
371,37,1,1,2,0,0,2,0,0,1,54,1,999,0,0,0,0,0,0,5191,0
372,46,0,2,3,0,2,0,0,0,1,344,1,999,0,0,0,0,0,0,5191,0
373,22,1,2,2,0,2,0,0,0,1,195,1,999,0,0,0,0,0,0,5191,0
374,43,7,1,3,0,0,0,0,0,1,202,1,999,0,0,0,0,0,0,5191,0
375,49,1,1,6,0,0,0,0,0,1,286,1,999,0,0,0,0,0,0,5191,0
376,41,9,1,1,0,2,0,0,0,1,278,1,999,0,0,0,0,0,0,5191,0
377,38,0,2,5,0,0,0,0,0,1,189,1,999,0,0,0,0,0,0,5191,0
378,33,0,1,2,0,0,0,0,0,1,83,1,999,0,0,0,0,0,0,5191,0
379,49,0,1,5,0,2,2,0,0,1,18,1,999,0,0,0,0,0,0,5191,0
380,30,1,2,6,0,0,0,0,0,1,184,2,999,0,0,0,0,0,0,5191,0
381,33,0,1,2,0,2,0,0,0,1,235,1,999,0,0,0,0,0,0,5191,0
382,34,4,2,5,0,0,0,0,0,1,290,1,999,0,0,0,0,0,0,5191,0
383,30,8,2,6,1,0,0,0,0,1,133,1,999,0,0,0,0,0,0,5191,0
384,59,4,1,0,1,2,2,0,0,1,318,1,999,0,0,0,0,0,0,5191,0
385,59,4,1,0,1,1,1,0,0,1,437,1,999,0,0,0,0,0,0,5191,0
386,41,6,1,5,0,0,0,0,0,1,402,1,999,0,0,0,0,0,0,5191,0
387,48,3,1,1,1,2,2,0,0,1,501,4,999,0,0,0,0,0,0,5191,0
388,28,11,2,6,1,2,2,0,0,1,1201,1,999,0,0,0,0,0,0,5191,1
389,44,7,1,3,0,2,0,0,0,1,1030,1,999,0,0,0,0,0,0,5191,1
390,59,5,3,5,1,0,0,0,0,1,253,1,999,0,0,0,0,0,0,5191,0
391,50,4,1,3,1,0,0,0,0,1,149,1,999,0,0,0,0,0,0,5191,0
392,35,0,1,5,0,0,0,0,0,1,144,1,999,0,0,0,0,0,0,5191,0
393,42,0,1,3,0,0,0,0,0,1,69,1,999,0,0,0,0,0,0,5191,0
394,45,0,1,2,0,0,0,0,0,1,243,1,999,0,0,0,0,0,0,5191,0
395,36,9,1,4,0,0,0,0,0,1,769,2,999,0,0,0,0,0,0,5191,0
396,56,7,1,3,1,0,0,0,0,1,135,3,999,0,0,0,0,0,0,5191,0
397,29,1,0,0,0,0,0,0,0,1,231,1,999,0,0,0,0,0,0,5191,0
398,41,6,1,5,0,2,2,0,0,1,442,2,999,0,0,0,0,0,0,5191,0
399,42,1,1,2,1,0,0,0,0,1,199,1,999,0,0,0,0,0,0,5191,0
400,52,7,2,3,0,0,0,0,0,1,455,1,999,0,0,0,0,0,0,5191,0
401,48,7,1,3,1,1,1,0,0,1,152,1,999,0,0,0,0,0,0,5191,0
402,31,1,1,3,1,2,0,0,0,1,124,1,999,0,0,0,0,0,0,5191,0
403,43,10,1,5,1,2,0,0,0,1,424,1,999,0,0,0,0,0,0,5191,0
404,36,1,1,0,1,0,0,0,0,1,43,1,999,0,0,0,0,0,0,5191,0
405,42,2,1,5,0,2,0,0,0,1,154,1,999,0,0,0,0,0,0,5191,0
406,52,7,0,1,0,0,0,0,0,1,393,1,999,0,0,0,0,0,0,5191,0
407,39,0,1,3,0,2,0,0,0,1,203,2,999,0,0,0,0,0,0,5191,0
408,36,7,1,3,0,0,2,0,0,1,140,2,999,0,0,0,0,0,0,5191,0
409,42,1,1,2,1,2,0,0,0,1,326,1,999,0,0,0,0,0,0,5191,0
410,41,0,1,3,0,0,0,0,0,1,483,1,999,0,0,0,0,0,0,5191,0
411,55,9,1,0,0,0,2,0,0,1,259,1,999,0,0,0,0,0,0,5191,0
412,30,1,1,2,0,0,0,0,0,1,227,1,999,0,0,0,0,0,0,5191,0
413,57,5,3,0,0,0,0,0,0,1,673,1,999,0,0,0,0,0,0,5191,0
414,45,2,1,0,1,2,0,0,0,1,576,1,999,0,0,0,0,0,0,5191,0
415,51,1,1,0,1,2,2,0,0,1,180,2,999,0,0,0,0,0,0,5191,0
416,39,6,2,2,1,2,2,0,0,1,90,1,999,0,0,0,0,0,0,5191,0
417,47,0,1,3,1,0,0,0,0,1,505,1,999,0,0,0,0,0,0,5191,0
418,27,7,1,3,0,2,0,0,0,1,245,1,999,0,0,0,0,0,0,5191,0
419,34,9,2,5,0,2,0,0,0,1,186,1,999,0,0,0,0,0,0,5191,0
420,57,1,1,0,1,2,0,0,0,1,208,1,999,0,0,0,0,0,0,5191,0
421,43,2,1,0,0,0,0,0,0,1,623,1,999,0,0,0,0,0,0,5191,0
422,49,1,1,0,1,0,0,0,0,1,180,1,999,0,0,0,0,0,0,5191,0
423,39,4,1,5,1,0,0,0,0,1,496,3,999,0,0,0,0,0,0,5191,0
424,38,1,1,0,1,2,0,0,0,1,118,1,999,0,0,0,0,0,0,5191,0
425,49,1,1,2,0,0,0,0,0,1,102,2,999,0,0,0,0,0,0,5191,0
426,58,4,1,1,0,0,0,0,0,1,342,1,999,0,0,0,0,0,0,5191,0
427,43,9,1,4,0,2,0,0,0,1,225,1,999,0,0,0,0,0,0,5191,0
428,50,11,1,6,1,2,0,0,0,1,185,3,999,0,0,0,0,0,0,5191,0
429,31,7,1,3,1,0,0,0,0,1,276,1,999,0,0,0,0,0,0,5191,0
430,43,6,0,5,0,0,0,0,0,1,87,1,999,0,0,0,0,0,0,5191,0
431,43,6,1,2,1,0,0,0,0,1,744,1,999,0,0,0,0,0,0,5191,0
432,30,6,2,5,0,2,0,0,0,1,262,1,999,0,0,0,0,0,0,5191,0
433,27,7,2,4,0,2,2,0,0,1,271,1,999,0,0,0,0,0,0,5191,0
434,51,7,1,6,1,0,0,0,0,1,141,1,999,0,0,0,0,0,0,5191,0
435,37,9,1,4,0,2,0,0,0,1,198,2,999,0,0,0,0,0,0,5191,0
436,46,3,1,2,0,2,0,0,0,1,150,1,999,0,0,0,0,0,0,5191,0
437,35,1,1,4,0,0,0,0,0,1,241,1,999,0,0,0,0,0,0,5191,0
438,47,0,0,5,0,0,0,0,0,1,196,1,999,0,0,0,0,0,0,5191,0
439,46,4,1,6,0,2,0,0,0,1,149,1,999,0,0,0,0,0,0,5191,0
440,40,9,1,4,1,0,2,0,0,1,264,1,999,0,0,0,0,0,0,5191,0
441,26,3,1,5,0,0,0,0,0,1,246,1,999,0,0,0,0,0,0,5191,0
442,32,1,0,2,1,0,0,0,0,1,309,2,999,0,0,0,0,0,0,5191,0
443,45,4,1,5,0,2,0,0,0,1,140,1,999,0,0,0,0,0,0,5191,0
444,34,0,1,2,0,0,0,0,0,1,175,1,999,0,0,0,0,0,0,5191,0
445,47,1,1,6,1,0,0,0,0,1,136,1,999,0,0,0,0,0,0,5191,0
446,42,9,1,4,0,0,0,0,0,1,1623,1,999,0,0,0,0,0,0,5191,1
447,57,9,1,0,1,0,2,0,0,1,50,1,999,0,0,0,0,0,0,5191,0
448,57,9,1,0,1,0,0,0,0,1,101,1,999,0,0,0,0,0,0,5191,0
449,38,1,1,0,0,0,2,0,0,1,144,1,999,0,0,0,0,0,0,5191,0
450,57,9,1,0,1,0,0,0,0,1,238,1,999,0,0,0,0,0,0,5191,0
451,28,8,2,2,1,2,0,0,0,1,354,1,999,0,0,0,0,0,0,5191,0
452,60,4,1,5,0,0,0,0,0,1,451,2,999,0,0,0,0,0,0,5191,0
453,48,0,1,5,0,2,0,0,0,1,159,1,999,0,0,0,0,0,0,5191,0
454,47,9,1,4,0,2,0,0,0,1,170,1,999,0,0,0,0,0,0,5191,0
455,40,0,1,3,0,0,0,0,0,1,243,1,999,0,0,0,0,0,0,5191,0
456,51,4,1,4,1,2,0,0,0,1,141,2,999,0,0,0,0,0,0,5191,0
457,48,10,2,0,0,2,0,0,0,1,112,1,999,0,0,0,0,0,0,5191,0
458,54,3,1,0,0,0,0,0,0,1,262,2,999,0,0,0,0,0,0,5191,0
459,40,1,1,1,0,0,2,0,0,1,53,1,999,0,0,0,0,0,0,5191,0
460,44,0,2,2,1,0,0,0,0,1,134,1,999,0,0,0,0,0,0,5191,0
461,42,9,0,3,0,0,0,0,0,1,204,4,999,0,0,0,0,0,0,5191,0
462,52,6,1,5,0,2,0,0,0,1,678,1,999,0,0,0,0,0,0,5191,0
463,31,1,2,2,0,2,0,0,0,1,182,1,999,0,0,0,0,0,0,5191,0
464,32,7,1,3,0,0,0,0,0,1,162,1,999,0,0,0,0,0,0,5191,0
465,44,0,1,3,0,2,2,0,0,1,177,1,999,0,0,0,0,0,0,5191,0
466,39,4,1,1,1,0,0,0,0,1,27,1,999,0,0,0,0,0,0,5191,0
467,57,4,1,4,1,2,0,0,0,1,699,3,999,0,0,0,0,0,0,5191,0
468,52,0,1,0,0,2,0,0,0,1,358,1,999,0,0,0,0,0,0,5191,0
469,42,4,1,5,0,0,0,0,0,1,1677,1,999,0,0,0,0,0,0,5191,1
470,42,9,2,4,1,1,1,0,0,1,529,1,999,0,0,0,0,0,0,5191,0
471,43,4,1,4,0,2,0,0,0,1,310,1,999,0,0,0,0,0,0,5191,0
472,31,0,0,3,0,0,0,0,0,1,47,1,999,0,0,0,0,0,0,5191,0
473,29,0,1,5,1,2,0,0,0,1,379,1,999,0,0,0,0,0,0,5191,0
474,57,1,0,0,0,0,0,0,0,1,30,2,999,0,0,0,0,0,0,5191,0
475,44,1,1,2,1,0,0,0,0,1,472,1,999,0,0,0,0,0,0,5191,0
476,59,11,1,6,1,0,0,0,0,1,113,1,999,0,0,0,0,0,0,5191,0
477,39,1,1,0,1,0,0,0,0,1,114,1,999,0,0,0,0,0,0,5191,0
478,57,5,1,5,0,0,0,0,0,1,116,1,999,0,0,0,0,0,0,5191,0
479,41,4,1,6,1,0,0,0,0,1,448,1,999,0,0,0,0,0,0,5191,0
480,37,9,2,3,1,0,2,0,0,1,264,1,999,0,0,0,0,0,0,5191,0
481,38,7,1,3,0,2,0,0,0,1,169,1,999,0,0,0,0,0,0,5191,0
482,42,5,1,0,0,0,0,0,0,1,145,1,999,0,0,0,0,0,0,5191,0
483,49,11,1,6,1,2,0,0,0,1,288,1,999,0,0,0,0,0,0,5191,0
484,54,4,1,1,1,2,2,0,0,1,381,1,999,0,0,0,0,0,0,5191,0
485,36,0,1,5,0,1,1,0,0,1,176,2,999,0,0,0,0,0,0,5191,0
486,32,0,2,5,1,0,0,0,0,1,215,1,999,0,0,0,0,0,0,5191,0
487,35,9,1,4,0,2,0,0,0,1,278,1,999,0,0,0,0,0,0,5191,0
488,45,3,1,4,1,0,0,0,0,1,188,2,999,0,0,0,0,0,0,5191,0
489,56,9,1,6,0,2,0,0,0,1,174,2,999,0,0,0,0,0,0,5191,0
490,34,9,1,5,0,2,0,0,0,1,226,2,999,0,0,0,0,0,0,5191,0
491,41,10,1,2,1,0,0,0,0,1,111,2,999,0,0,0,0,0,0,5191,0
492,41,7,1,2,0,0,0,0,0,1,157,2,999,0,0,0,0,0,0,5191,0
493,36,1,1,2,1,0,0,0,0,1,46,1,999,0,0,0,0,0,0,5191,0
494,32,0,2,5,1,1,1,0,0,1,49,1,999,0,0,0,0,0,0,5191,0
495,31,7,1,3,1,1,1,0,0,1,374,1,999,0,0,0,0,0,0,5191,0
496,38,9,1,4,0,2,0,0,0,1,349,1,999,0,0,0,0,0,0,5191,0
497,35,0,0,5,1,2,0,0,0,1,325,1,999,0,0,0,0,0,0,5191,0
498,53,0,1,4,0,2,0,0,0,1,233,2,999,0,0,0,0,0,0,5191,0
499,51,0,1,1,1,2,0,0,0,1,531,1,999,0,0,0,0,0,0,5191,0
500,56,2,1,5,1,0,0,0,0,1,153,1,999,0,0,0,0,0,0,5191,0
501,33,0,1,2,0,1,1,0,0,1,80,1,999,0,0,0,0,0,0,5191,0
502,33,0,1,2,0,0,0,0,0,1,198,1,999,0,0,0,0,0,0,5191,0
503,51,7,0,3,1,2,0,0,0,1,568,1,999,0,0,0,0,0,0,5191,0
504,39,7,1,3,1,2,0,0,0,1,918,1,999,0,0,0,0,0,0,5191,1
505,45,2,1,5,0,0,0,0,0,1,82,1,999,0,0,0,0,0,0,5191,0
506,40,9,2,5,0,0,0,0,0,1,198,3,999,0,0,0,0,0,0,5191,0
507,60,11,2,6,1,2,0,0,0,1,211,1,999,0,0,0,0,0,0,5191,0
508,33,9,1,5,0,2,0,0,0,1,120,1,999,0,0,0,0,0,0,5191,0
509,47,1,1,3,1,2,0,0,0,1,269,1,999,0,0,0,0,0,0,5191,0
510,48,1,1,0,0,0,0,0,0,1,128,1,999,0,0,0,0,0,0,5191,0
511,43,2,1,3,0,0,0,0,0,1,166,2,999,0,0,0,0,0,0,5191,0
512,37,4,1,5,0,2,0,0,0,1,211,1,999,0,0,0,0,0,0,5191,0
513,50,7,1,2,0,2,2,0,0,1,369,1,999,0,0,0,0,0,0,5191,0
514,59,2,1,3,0,2,0,0,0,1,91,1,999,0,0,0,0,0,0,5191,0
515,32,9,1,6,1,2,0,0,0,1,267,2,999,0,0,0,0,0,0,5191,0
516,42,3,2,0,1,2,0,0,0,1,198,1,999,0,0,0,0,0,0,5191,0
517,52,1,1,0,0,0,0,0,0,1,371,2,999,0,0,0,0,0,0,5191,0
518,42,1,1,6,1,0,0,0,0,1,288,2,999,0,0,0,0,0,0,5191,0
519,42,0,1,6,0,0,0,0,0,1,221,1,999,0,0,0,0,0,0,5191,0
520,40,4,1,2,1,1,1,0,0,1,427,1,999,0,0,0,0,0,0,5191,0
521,38,1,1,2,0,0,0,0,0,1,310,1,999,0,0,0,0,0,0,5191,0
522,39,1,1,1,0,2,0,0,0,1,158,1,999,0,0,0,0,0,0,5191,0
523,39,1,1,1,0,0,0,0,0,1,198,1,999,0,0,0,0,0,0,5191,0
524,38,0,1,3,0,0,0,0,0,1,145,1,999,0,0,0,0,0,0,5191,0
525,47,0,2,6,1,2,0,0,0,1,247,1,999,0,0,0,0,0,0,5191,0
526,30,7,2,3,0,0,0,0,0,1,102,1,999,0,0,0,0,0,0,5191,0
527,38,0,0,3,0,2,2,0,0,1,179,2,999,0,0,0,0,0,0,5191,0
528,39,9,0,5,0,0,0,0,0,1,73,1,999,0,0,0,0,0,0,5191,0
529,44,0,1,3,0,0,0,0,0,1,263,2,999,0,0,0,0,0,0,5191,0
530,36,0,1,3,0,0,0,0,0,1,342,2,999,0,0,0,0,0,0,5191,0
531,41,7,1,3,1,2,2,0,0,1,41,1,999,0,0,0,0,0,0,5191,0
532,41,1,1,1,0,0,0,0,0,1,13,1,999,0,0,0,0,0,0,5191,0
533,35,1,1,2,0,0,0,0,0,1,79,2,999,0,0,0,0,0,0,5191,0
534,41,9,1,3,0,0,0,0,0,1,358,1,999,0,0,0,0,0,0,5191,0
535,36,7,1,3,1,0,0,0,0,1,162,1,999,0,0,0,0,0,0,5191,0
536,35,0,2,3,0,2,2,0,0,1,150,1,999,0,0,0,0,0,0,5191,0
537,33,1,2,0,1,0,0,0,0,1,26,1,999,0,0,0,0,0,0,5191,0
538,38,0,2,1,1,0,0,0,0,1,250,1,999,0,0,0,0,0,0,5191,0
539,33,6,1,5,0,0,0,0,0,1,792,1,999,0,0,0,0,0,0,5191,0
540,55,6,1,6,1,0,0,0,0,1,146,1,999,0,0,0,0,0,0,5191,0
541,36,1,2,2,1,0,0,0,0,1,440,1,999,0,0,0,0,0,0,5191,0
542,57,9,1,4,1,0,2,0,0,1,289,1,999,0,0,0,0,0,0,5191,0
543,32,2,2,5,0,2,0,0,0,1,242,2,999,0,0,0,0,0,0,5191,0
544,30,6,2,3,0,2,0,0,0,1,123,1,999,0,0,0,0,0,0,5191,0
545,43,0,1,4,0,2,2,0,0,1,161,2,999,0,0,0,0,0,0,5191,0
546,46,0,1,5,0,0,0,0,0,1,268,2,999,0,0,0,0,0,0,5191,0
547,35,0,0,3,0,0,2,0,0,1,259,2,999,0,0,0,0,0,0,5191,0
548,34,0,2,5,0,2,2,0,0,1,26,1,999,0,0,0,0,0,0,5191,0
549,50,1,1,0,1,1,1,0,0,1,153,1,999,0,0,0,0,0,0,5191,0
550,39,0,2,5,0,0,0,0,0,1,424,2,999,0,0,0,0,0,0,5191,0
551,39,1,1,2,1,0,0,0,0,1,375,1,999,0,0,0,0,0,0,5191,0
552,42,2,1,1,0,0,0,0,0,1,179,2,999,0,0,0,0,0,0,5191,0
553,57,5,1,5,0,2,0,0,0,1,383,1,999,0,0,0,0,0,0,5191,0
554,45,1,1,0,1,0,0,0,0,1,440,1,999,0,0,0,0,0,0,5191,0
555,40,9,1,0,0,0,2,0,0,1,195,1,999,0,0,0,0,0,0,5191,0
556,42,1,1,3,0,0,2,0,0,1,1297,3,999,0,0,0,0,0,0,5191,1
557,40,9,1,0,0,0,0,0,0,1,217,1,999,0,0,0,0,0,0,5191,0
558,38,1,2,0,1,0,0,0,0,1,87,1,999,0,0,0,0,0,0,5191,0
559,39,1,1,1,1,2,2,0,0,1,427,1,999,0,0,0,0,0,0,5191,0
560,41,1,1,0,0,0,0,0,0,1,189,1,999,0,0,0,0,0,0,5191,0
561,39,1,1,1,1,2,0,0,0,1,502,1,999,0,0,0,0,0,0,5191,0
562,41,1,1,0,0,2,2,0,0,1,260,1,999,0,0,0,0,0,0,5191,0
563,45,0,1,5,1,0,0,0,0,1,209,1,999,0,0,0,0,0,0,5191,0
564,35,0,0,5,0,1,1,0,0,1,179,1,999,0,0,0,0,0,0,5191,0
565,35,0,1,1,0,2,0,0,0,1,179,1,999,0,0,0,0,0,0,5191,0
566,49,1,1,3,1,0,0,0,0,1,69,1,999,0,0,0,0,0,0,5191,0
567,36,9,1,6,0,0,0,0,0,1,105,2,999,0,0,0,0,0,0,5191,0
568,23,0,2,5,0,0,0,0,0,1,266,3,999,0,0,0,0,0,0,5191,0
569,43,10,1,5,1,1,1,0,0,1,87,2,999,0,0,0,0,0,0,5191,0
570,49,2,1,4,0,1,1,0,0,1,524,2,999,0,0,0,0,0,0,5191,0
571,36,9,1,4,0,1,1,0,0,1,155,2,999,0,0,0,0,0,0,5191,0
572,51,1,1,2,1,2,0,0,0,1,162,2,999,0,0,0,0,0,0,5191,0
573,56,5,1,0,1,2,2,0,0,1,316,4,999,0,0,0,0,0,0,5191,0
574,45,3,1,3,0,0,0,0,0,1,352,2,999,0,0,0,0,0,0,5191,0
575,42,0,1,3,0,0,0,0,0,1,695,3,999,0,0,0,0,0,0,5191,0
576,41,0,0,3,0,0,0,0,0,1,76,4,999,0,0,0,0,0,0,5191,0
577,32,7,1,3,1,0,2,0,0,1,535,2,999,0,0,0,0,0,0,5191,0
578,46,4,1,5,0,0,0,0,0,1,310,2,999,0,0,0,0,0,0,5191,0
579,37,1,1,6,0,0,0,0,0,1,390,3,999,0,0,0,0,0,0,5191,0
580,53,4,1,5,1,0,0,0,0,1,369,1,999,0,0,0,0,0,0,5191,0
581,30,1,1,0,0,0,0,0,0,1,112,2,999,0,0,0,0,0,0,5191,0
582,45,11,1,6,1,0,0,0,0,1,79,1,999,0,0,0,0,0,0,5191,0
583,24,9,2,4,0,0,2,0,0,1,140,2,999,0,0,0,0,0,0,5191,0
584,45,11,1,6,1,0,0,0,0,1,315,1,999,0,0,0,0,0,0,5191,0
585,34,0,2,5,0,0,2,0,0,1,262,2,999,0,0,0,0,0,0,5191,0
586,41,4,1,5,1,0,0,0,0,1,174,2,999,0,0,0,0,0,0,5191,0
587,59,1,1,0,0,2,0,0,0,1,424,2,999,0,0,0,0,0,0,5191,0
588,45,1,1,0,1,0,0,0,0,1,135,1,999,0,0,0,0,0,0,5191,0
589,54,1,1,1,1,0,0,0,0,1,36,5,999,0,0,0,0,0,0,5191,0
590,32,9,1,4,0,0,0,0,0,1,1906,3,999,0,0,0,0,0,0,5191,0
591,33,9,1,4,0,2,0,0,0,1,219,2,999,0,0,0,0,0,0,5191,0
592,32,0,1,5,0,0,0,0,0,1,135,1,999,0,0,0,0,0,0,5191,0
593,34,7,2,3,0,1,1,0,0,1,147,2,999,0,0,0,0,0,0,5191,0
594,46,4,1,5,0,0,0,0,0,1,407,2,999,0,0,0,0,0,0,5191,0
595,57,9,1,4,0,2,0,0,0,1,402,4,999,0,0,0,0,0,0,5191,0
596,42,9,1,2,0,0,0,0,0,1,209,1,999,0,0,0,0,0,0,5191,0
597,48,0,1,4,0,2,0,0,0,1,92,2,999,0,0,0,0,0,0,5191,0
598,58,0,0,5,1,2,0,0,0,1,208,1,999,0,0,0,0,0,0,5191,0
